Name,Description,,,,,,,,,,,,,,,,,
Bulbasaur,For a time after birth it is nourished by the seed on its back.,,,,,,,,,,,,,,,,,
Ivysaur,dis fool is a evolvod bulbaur,,,,,,,,,,,,,,,,,
Venusaur,dis fool is best with caeser dressing,,,,,,,,,,,,,,,,,
Venusaur (Mega Venusaur),dis fool need a big caeser ,,,,,,,,,,,,,,,,,
Charmander,dis fool always lit,,,,,,,,,,,,,,,,,
Charmeleon,dis fool will flame your existance,,,,,,,,,,,,,,,,,
Charizard,dis fool flies as he flames,,,,,,,,,,,,,,,,,
Charizard (Mega Charizard X),dis fool flies and it X-tra,,,,,,,,,,,,,,,,,
Charizard (Mega Charizard Y),dis fool flies and is Y-tra,,,,,,,,,,,,,,,,,
Squirtle,dis fool like a water park,,,,,,,,,,,,,,,,,
Wartortle,dis fool always triggered,,,,,,,,,,,,,,,,,
Blastoise,dis fool like a rhino and a squartle had kids,,,,,,,,,,,,,,,,,
Blastoise (Mega Blastoise),dis fool just a big bro to blastoise,,,,,,,,,,,,,,,,,
Caterpie,this fool a flower stem,,,,,,,,,,,,,,,,,
Metapod,this fool a green bean,,,,,,,,,,,,,,,,,
Butterfree,this fool a pretty moth,,,,,,,,,,,,,,,,,
Weedle,this fool did 911,,,,,,,,,,,,,,,,,
Kakuna,this fool try to melt steel beams,,,,,,,,,,,,,,,,,
Beedrill,this fool ate the beams,,,,,,,,,,,,,,,,,
Beedrill (Mega Beedrill),this fool is a beam,,,,,,,,,,,,,,,,,
Pidgey,this fool golden snitch lookin,,,,,,,,,,,,,,,,,
Pidgeotto,this fool magestic,,,,,,,,,,,,,,,,,
Pidgeot,this fool got trump hair,,,,,,,,,,,,,,,,,
Pidgeot (Mega Pidgeot),this fool gonna make america great again,,,,,,,,,,,,,,,,,
Rattata,"Rattata is a small, quadruped rodent Pokémon. Its most notable feature is its large teeth. Like most rodents, its teeth grow continuously throughout its life and must be worn down by gnawing. The top half of its body is light purple, while the lower half is cream-colored. It has a pair of thin, cream-colored whiskers and a long tail that curls at the tip. Rattata has purple fur on its back, and cream fur on its stomach. Females have shorter whiskers and lighter fur color.",,,,,,,,,,,,,,,,,
Raticate,this fool just got some anger issues,,,,,,,,,,,,,,,,,
Spearow,this fool passive aggressive,,,,,,,,,,,,,,,,,
Fearow,this fool got a straw neck,,,,,,,,,,,,,,,,,
Ekans,say this fool backwards and be amazed,,,,,,,,,,,,,,,,,
Arbok,same,,,,,,,,,,,,,,,,,
Pikachu,you know,,,,,,,,,,,,,,,,,
Raichu,new color themed pikachu,,,,,,,,,,,,,,,,,
Sandshrew,builda bear lookin headah,,,,,,,,,,,,,,,,,
Sandslash,get this main some nail clippers,,,,,,,,,,,,,,,,,
Nidoran - Female,This man is sexist,,,,,,,,,,,,,,,,,
Nidorina,This woman is sexist,,,,,,,,,,,,,,,,,
Nidoqueen,This man is worse,,,,,,,,,,,,,,,,,
Nidoran - Male,This woman is worse,,,,,,,,,,,,,,,,,
Nidorino,This man is even worse,,,,,,,,,,,,,,,,,
Nidoking,This woman is even worse,,,,,,,,,,,,,,,,,
Clefairy,shut up,,,,,,,,,,,,,,,,,
Clefable,"""""",,,,,,,,,,,,,,,,,
Vulpix, This creature is a cute puppy,,,,,,,,,,,,,,,,,
Ninetales,"This creature is very majestic, and they know it",,,,,,,,,,,,,,,,,
Jigglypuff, This creature is a cute unicorn,,,,,,,,,,,,,,,,,
Wigglytuff,This creature is the result of a unicorn rabbit love child,,,,,,,,,,,,,,,,,
Zubat,This creature has no eyes,,,,,,,,,,,,,,,,,
Golbat,This creature uses his mouth as a plate,,,,,,,,,,,,,,,,,
Oddish,This creature should be shoved back into the ground,,,,,,,,,,,,,,,,,
Gloom,This creature is has several student loans and is in grad school,,,,,,,,,,,,,,,,,
Vileplume,This creature dropped out to make a startup which sold for $100,,,,,,,,,,,,,,,,,
Paras,This creature is so dead there are mushrooms  on him,,,,,,,,,,,,,,,,,
Parasect,This creature lost his pupils and couldnt find them,,,,,,,,,,,,,,,,,
Venonat, This creature looks like a ball of lint,,,,,,,,,,,,,,,,,
Venomoth, This creature  got hit by puberty like a bus,,,,,,,,,,,,,,,,,
Diglett, This creature is a ground poo,,,,,,,,,,,,,,,,,
Dugtrio,This creature is multiple ground poo,,,,,,,,,,,,,,,,,
Meowth,This creature is team rocket,,,,,,,,,,,,,,,,,
Persian,This creature also got hit by puberty like a bus,,,,,,,,,,,,,,,,,
Psyduck,This creature always on coke,,,,,,,,,,,,,,,,,
Golduck,This creature tries to be multi-cultural/#exotic,,,,,,,,,,,,,,,,,
Mankey, This organism is a hate child born of hate from a monkey and mouse,,,,,,,,,,,,,,,,,
Primeape, This organism escaped from jail t visit your girl, ,,,,,,,,,,,,,,,,
Growlithe, This organism is a chubby 6 year old who will later in life be built,,,,,,,,,,,,,,,,,
Arcanine, This organism is too cheap to pay for haircuts,,,,,,,,,,,,,,,,,
Poliwag, This organism tries to hypnotize people but is too nice ,,,,,,,,,,,,,,,,,
Poliwhirl,  This organism hypnotized you to rob a bank,,,,,,,,,,,,,,,,,
Poliwrath, This organism is head of a crime family that killed Al Pachino,,,,,,,,,,,,,,,,,
Abra, This organism always thinks its nap time,,,,,,,,,,,,,,,,,
Kadabra, This organism thinks just because he's chineese he's a ninja,,,,,,,,,,,,,,,,,
Alakazam, This organism gave up being a ninja and is trying to be in a white biker gang,,,,,,,,,,,,,,,,,
Alakazam (Mega Alakazam), This organism doesn't pay child support,,,,,,,,,,,,,,,,,
Machop,  This organism  looks like expired sardines ,,,,,,,,,,,,,,,,,
Machoke, This organism  has a .001 gpa but has his body,,,,,,,,,,,,,,,,,
Machamp, This organism is the person who corrects others form and never racks his weights at the gym,,,,,,,,,,,,,,,,,
Bellsprout, This organism a peashooter from plants vs zombies,,,,,,,,,,,,,,,,,
Weepinbell, This organism  is only seen through a hole in the bathroom,,,,,,,,,,,,,,,,,
Victreebel, This organism has fangs EVERYWHERE ;),,,,,,,,,,,,,,,,,
Tentacool, This organism is in adult anime,,,,,,,,,,,,,,,,,
Tentacruel," This organism  is the CEO, COO, CFO,Chairman of the leading adult anime company",,,,,,,,,,,,,,,,,
Geodude, This organism constantly skips leg day,,,,,,,,,,,,,,,,,
Graveler, This organism found out about the 50 nuggets for $10 deal,,,,,,,,,,,,,,,,,
Golem, This organism ran CiCis outta buisness,,,,,,,,,,,,,,,,,
Ponyta, This organism is worse than keychainz,,,,,,,,,,,,,,,,,
Rapidash, This organism got fired from a petting zoo,,,,,,,,,,,,,,,,,
Slowpoke, This organism looks like mcdonalds raw meat,,,,,,,,,,,,,,,,,
Slowbro," This organism always has a big ""head""",,,,,,,,,,,,,,,,,
Slowbro (Mega Slowbro),  This organism wears a onzie evryday,,,,,,,,,,,,,,,,,
Magnemite, This organism puts plankton to shame for eye:body ratio,,,,,,,,,,,,,,,,,
Magneton, This organism is super insecure,,,,,,,,,,,,,,,,,
Farfetch'd,This morphon requires a razor,,,,,,,,,,,,,,,,,
Doduo, This morphon has sunflower beaks,,,,,,,,,,,,,,,,,
Dodrio, This morphon survived the trail of tears,,,,,,,,,,,,,,,,,
Seel, This morphon is a seaworld reject,,,,,,,,,,,,,,,,,
Dewgong, This morphon is exploited for human entertainment,,,,,,,,,,,,,,,,,
Grimer, This morphon worse than school mashed patatoes,,,,,,,,,,,,,,,,,
Muk,  This morphon was drowned in gravy,,,,,,,,,,,,,,,,,
Shellder, This morphon hid as his family was hunted in front of him,,,,,,,,,,,,,,,,,
Cloyster,  This morphon was drowned in gravy,,,,,,,,,,,,,,,,,
Gastly,This Morphon is a runaway bowling ball,,,,,,,,,,,,,,,,,
Haunter,This Morphon is hello kitty reject,,,,,,,,,,,,,,,,,
Gengar,This Morphon hotboxed his house,,,,,,,,,,,,,,,,,
Gengar (Mega Gengar),This Morphon is so high he wears lava shoes,,,,,,,,,,,,,,,,,
Onix,This Morphon is a descendant of voldy-mort,,,,,,,,,,,,,,,,,
Drowzee,This Morphon crappes his pants on the daily,,,,,,,,,,,,,,,,,
Hypno,This Morphon Pinolchio lookin,,,,,,,,,,,,,,,,,
Krabby,This Morphon needs a n orthodontist ,,,,,,,,,,,,,,,,,
Kingler,This Morphon gives crabs when you shake his hand,,,,,,,,,,,,,,,,,
Voltorb,This Morphon silent hill lookin head ah,,,,,,,,,,,,,,,,,
Electrode, This Morphon gave into peer preasure and drew a mouth,,,,,,,,,,,,,,,,,
Exeggcute,This Morphon's dad had ZERO pull out game,,,,,,,,,,,,,,,,,
Exeggutor,This Morphon is an inbred coconut,,,,,,,,,,,,,,,,,
Cubone,This Morphon has never boned,,,,,,,,,,,,,,,,,
Marowak,This Morphon is a discount jack the ripper,,,,,,,,,,,,,,,,,
Hitmonlee,This Morphon got long legs but short IQ,,,,,,,,,,,,,,,,,
Hitmonchan,This Morphon tried out for rocky but pulled a joey(friends),,,,,,,,,,,,,,,,,
Lickitung,This Morphon is a true friend of crabs,,,,,,,,,,,,,,,,,
Koffing,This Morphon produces more methane than a pig farm,,,,,,,,,,,,,,,,,
Weezing,This Morphon smoked 18 packs a day at age 2,,,,,,,,,,,,,,,,,
Rhyhorn,This Morphon so big he can't live on a ground level apartment,,,,,,,,,,,,,,,,,
Rhydon,This Morphon doesn't know what puberty is,,,,,,,,,,,,,,,,,
Chansey,This Morphon went to jamaica and game back with dredas and a baby,,,,,,,,,,,,,,,,,
Tangela,This Morphon fell into a pot of spagetti,,,,,,,,,,,,,,,,,
Kangaskhan,This Morphon  thinks it's take your child to work day,,,,,,,,,,,,,,,,,
Kangaskhan (Mega Kangaskhan), This Morphon needs a kid to help him out,,,,,,,,,,,,,,,,,
Horsea,This Morphon tried the kylie jenner challenge buuuutt,,,,,,,,,,,,,,,,,
Seadra,This Morphon got rolls,,,,,,,,,,,,,,,,,
Goldeen,This brute bathes in makeup,,,,,,,,,,,,,,,,,
Seaking,"This brue claims ""it's not a phase""",,,,,,,,,,,,,,,,,
Staryu, This brute has a nipple eye,,,,,,,,,,,,,,,,,
Starmie,This brute bathes in makeup,,,,,,,,,,,,,,,,,
Mr. Mime,This brute used the short bus to fight batman but ate 2 batarangs,,,,,,,,,,,,,,,,,
Scyther,This brute is the one that cuts your grass ,,,,,,,,,,,,,,,,,
Jynx,This brute is too fat to get out of his drag queen outfit,,,,,,,,,,,,,,,,,
Electabuzz,This brute is an inbred pikachu,,,,,,,,,,,,,,,,,
Magmar,This brute got stuck in a duck face,,,,,,,,,,,,,,,,,
Pinsir,This brute is a rejected longhorn,,,,,,,,,,,,,,,,,
Pinsir (Mega Pinsir), This brute played too much jetpack joyride,,,,,,,,,,,,,,,,,
Tauros,This brute is so fat he has 3 tails,,,,,,,,,,,,,,,,,
Magikarp,This brute is worse than mandrin in Iron Man 3,,,,,,,,,,,,,,,,,
Gyarados,This brute is the mandrin we wanted,,,,,,,,,,,,,,,,,
Gyarados (Mega Gyarados),This brute is spirit mandrin(marvel comics),,,,,,,,,,,,,,,,,
Lapras,This brute stole carrie fishers style ,,,,,,,,,,,,,,,,,
Ditto,This brute is the short bus's breaks,,,,,,,,,,,,,,,,,
Eevee,This brute hs more personalities than strands of hair,,,,,,,,,,,,,,,,,
Vaporeon,This brute used to work for neo pets,,,,,,,,,,,,,,,,,
Jolteon,This brute is a webkins rabbit,,,,,,,,,,,,,,,,,
Flareon,This brute's booty is bigger than his body,,,,,,,,,,,,,,,,,
Porygon,"This brute was a 3d attempt at geometry dash, but failed like all sequels",,,,,,,,,,,,,,,,,
Omanyte,This brute has more tenticles than an adult anime,,,,,,,,,,,,,,,,,
Omastar,This brute was fired from adult anime for being too kinky,,,,,,,,,,,,,,,,,
Kabuto,This brute is a definition catfish trying to look like a parasite but is scared of his own shadow,,,,,,,,,,,,,,,,,
Kabutops,This brute siad he'd change a bit on your HW but just changed his name,,,,,,,,,,,,,,,,,
Aerodactyl,This brute has the sickest underbite of 2017,,,,,,,,,,,,,,,,,
Aerodactyl (Mega Aerodactyl),This brute is that one kid who's so into anime he wears their clothes,,,,,,,,,,,,,,,,,
Snorlax,This brute is dead last in the class and literally sleeps everywhere,,,,,,,,,,,,,,,,,
Articuno,The Grandest avian species to traverse the world.  Articuno trumps all other avian pokemon through physical attributes as well as prowess is combat.,,,,,,,,,,,,,,,,,
Zapdos,Another grand avian beast who consists of electrical currents. This animal is inferior in almost all aspects to his bretheren. ,,,,,,,,,,,,,,,,,
Moltres,"The third and final of the grand avians, this bird is the third elemental inclusion flame with his bretheren. He is a balding bird with fire to supplement his folicle destruction.",,,,,,,,,,,,,,,,,
Dratini,This dragon type creature is flightless however is able to travse through aquatic means. This pokemon has roots in the asian region with evidence of it's bindi. ,,,,,,,,,,,,,,,,,
Dragonair,This dragon is  more elegent counterpart to its adolecent self known as dratini. Although lacking flight this Dragon acquires a horn and a rattle like tail. It also gains the use of 3 orbs throughout his body to magnify his prowess.  ,,,,,,,,,,,,,,,,,
Dragonite,"This is the final dragon type which has wings disporportunoutly small to his body. Despite the lack of their physical size, this pokemon is still able to traverse through the sky. Dragonite takes on the stereo type of a fire type dragon in contrast to his two water forms.",,,,,,,,,,,,,,,,,
Mewtwo,A genderless pokemon which takes flight despite lacking physical a(panda)ges. He has two alternate forms who are essentially physically identical with this medium.,,,,,,,,,,,,,,,,,
Mewtwo (Mega Mewtwo X),"Although Mega Mewtwo X is near identical to his counterpart, he is counfoundably stronger. Thing celestial entity encases itself within an armour increasing everything from agility and speed to strenth and flight. ",,,,,,,,,,,,,,,,,
Mewtwo (Mega Mewtwo Y),This is an alternate genderless form to mew two. Each cell in his form has been granted an extra chromosome further cementing his uniquity. Y was captive for a malania in attempt to exponentially expand his strength driven by the government.  ,,,,,,,,,,,,,,,,,
Mew,This being is an almost adolecent form of mew two yet does not evolve into mew two. This young looking entity is essentially every pokemon. His body contains the DNA of all pokemon allowing him to use their powers,,,,,,,,,,,,,,,,,
Chikorita,dis fool a wanna-bean,,,,,,,,,,,,,,,,,
Bayleef,dis fool tastes like lettuce,,,,,,,,,,,,,,,,,
Meganium,dis fool went on vacation and never took the lei off,,,,,,,,,,,,,,,,,
Cyndaquil,dis fool asians,,,,,,,,,,,,,,,,,
Quilava,dis fool edgy C-sian,,,,,,,,,,,,,,,,,
Typhlosion,dis fool tryna be white,,,,,,,,,,,,,,,,,
Totodile,dis fool a triggered chocodile,,,,,,,,,,,,,,,,,
Croconaw,dis fool true bully,,,,,,,,,,,,,,,,,
Feraligatr,dis fool broke out a arkham to steal yo girl,,,,,,,,,,,,,,,,,
Sentret,this fool is a target,,,,,,,,,,,,,,,,,
Furret,this fool cat ferret head ah,,,,,,,,,,,,,,,,,
Hoothoot,this fool endorsing hooters,,,,,,,,,,,,,,,,,
Noctowl,this fool got a true death glare,,,,,,,,,,,,,,,,,
Ledyba,this fool discount lady bug,,,,,,,,,,,,,,,,,
Ledian,this fool animated red beatle,,,,,,,,,,,,,,,,,
Spinarak,this fool couldnt choose a color,,,,,,,,,,,,,,,,,
Ariados,run,,,,,,,,,,,,,,,,,
Crobat,this fool got an x wing wanna be,,,,,,,,,,,,,,,,,
Chinchou,this fool always on crack,,,,,,,,,,,,,,,,,
Lanturn,this fool sobered up,,,,,,,,,,,,,,,,,
Pichu,this fool a pikachu wanna be,,,,,,,,,,,,,,,,,
Cleffa,this fool discounbt jiggly puff,,,,,,,,,,,,,,,,,
Igglybuff,this fool a cute jiggly puff,,,,,,,,,,,,,,,,,
Togepi,this fool too lazy to get outta the egg,,,,,,,,,,,,,,,,,
Togetic,this fool became the egg,,,,,,,,,,,,,,,,,
Natu,this fool wanna be exotic,,,,,,,,,,,,,,,,,
Xatu,this fool tryna be an egyptian priest,,,,,,,,,,,,,,,,,
Mareep,this fool too dumb tro get bah bah black sheep,,,,,,,,,,,,,,,,,
Flaaffy,this fool living cotton candy,,,,,,,,,,,,,,,,,
Ampharos,this fool a kangaroo lookin pikachu,,,,,,,,,,,,,,,,,
Ampharos (Mega Ampharos),this fool gonna make america great again,,,,,,,,,,,,,,,,,
Bellossom,this fool cheap hawiian dancer,,,,,,,,,,,,,,,,,
Marill,this fool blue pikachu,,,,,,,,,,,,,,,,,
Azumarill,this fool michael jackson,,,,,,,,,,,,,,,,,
Sudowoodo,this fool fake poser,,,,,,,,,,,,,,,,,
Politoed,this fool never hit puberty,,,,,,,,,,,,,,,,,
Hoppip,this fool red blueberry lookin,,,,,,,,,,,,,,,,,
Skiploom,this fool got beady eyes,,,,,,,,,,,,,,,,,
Jumpluff,this fool gonne blow away,,,,,,,,,,,,,,,,,
Aipom,this fool got sticky hands,,,,,,,,,,,,,,,,,
Sunkern,this fool sacagawea lookin,,,,,,,,,,,,,,,,,
Sunflora,this floom sproutin,,,,,,,,,,,,,,,,,
Yanma,this fool etardede dragib fly,,,,,,,,,,,,,,,,,
Wooper,this fool as bad a whooper,,,,,,,,,,,,,,,,,
Quagsire,this fool missed the short bus,,,,,,,,,,,,,,,,,
Espeon,this fool stuc up with hter butt up,,,,,,,,,,,,,,,,,
Umbreon,this fool got some mad bling,,,,,,,,,,,,,,,,,
Murkrow,this fool scare-d-crow,,,,,,,,,,,,,,,,,
Slowking,this fools kingdom bleives in incest,,,,,,,,,,,,,,,,,
Misdreavus,this fool in rule 34 stuff,,,,,,,,,,,,,,,,,
Unown,this fool just don no,,,,,,,,,,,,,,,,,
Wobbuffet,this fool bobbafet got hit by short bus,,,,,,,,,,,,,,,,,
Girafarig,this fool helps giraphics,,,,,,,,,,,,,,,,,
Pineco,this fool pinecone-cone,,,,,,,,,,,,,,,,,
Forretress,this fool 4uadro polegic,,,,,,,,,,,,,,,,,
Dunsparce,this fool a 40 yr old virgin,,,,,,,,,,,,,,,,,
Gligar,this fool got crabs,,,,,,,,,,,,,,,,,
Steelix,this fool bult,,,,,,,,,,,,,,,,,
Steelix (Mega Steelix),this fool buick,,,,,,,,,,,,,,,,,
Snubbull,this fool a pug,,,,,,,,,,,,,,,,,
Granbull,this fool a bull dog,,,,,,,,,,,,,,,,,
Qwilfish,this fool mad cuz he never fgot baloon animals,,,,,,,,,,,,,,,,,
Scizor,this fool literally a tool,,,,,,,,,,,,,,,,,
Scizor (Mega Scizor), this fool a kid scissor,,,,,,,,,,,,,,,,,
Shuckle, this fool a kid scissor,,,,,,,,,,,,,,,,,
Heracross,this fool rhino wanna be,,,,,,,,,,,,,,,,,
Heracross (Mega Heracross),this fool ate a pincer,,,,,,,,,,,,,,,,,
Sneasel,this fool roasted so hard one ears red,,,,,,,,,,,,,,,,,
Teddiursa,this fool lost his hammer, ,,,,,,,,,,,,,,,,
Ursaring,this fool russian bear,,,,,,,,,,,,,,,,,
Slugma, this fool cafeteria food,,,,,,,,,,,,,,,,,
Magcargo, this fool thirsty,,,,,,,,,,,,,,,,,
Swinub,this fool napping on the job,,,,,,,,,,,,,,,,,
Piloswine, this fool need a haircut,,,,,,,,,,,,,,,,,
Corsola, this fool un ambitious,,,,,,,,,,,,,,,,,
Remoraid,this fool bland goldeen,,,,,,,,,,,,,,,,,
Octillery,this fool loves brownies,,,,,,,,,,,,,,,,,
Delibird,this fool tried to be a super hero,,,,,,,,,,,,,,,,,
Mantine,this fool never wears the pants,,,,,,,,,,,,,,,,,
Skarmory,this fool stull wears helmets,,,,,,,,,,,,,,,,,
Houndour,this fool that one 6 yr old who wants to fight 24/7,,,,,,,,,,,,,,,,,
Houndoom,this fool look like a stray dog,,,,,,,,,,,,,,,,,
Houndoom (Mega Houndoom),this fool a rabbid stray,,,,,,,,,,,,,,,,,
Kingdra,this fool a transplanted a water gun as his nose,,,,,,,,,,,,,,,,,
Phanpy,ths fool wanna be elephantella,,,,,,,,,,,,,,,,,
Donphan,look at this dudes MOUTH oml,,,,,,,,,,,,,,,,,
Porygon2,lubed up porygon lookin,,,,,,,,,,,,,,,,,
Stantler,thicc booty,,,,,,,,,,,,,,,,,
Smeargle,wonder how it feels to constantly spew paint from your tail must feel good,,,,,,,,,,,,,,,,,
Tyrogue,kinda thicc booty,,,,,,,,,,,,,,,,,
Hitmontop,This guys just a fol,,,,,,,,,,,,,,,,,
Smoochum,aids in the mouth,,,,,,,,,,,,,,,,,
Elekid,when my mother dropped me she stuck prongs up my,,,,,,,,,,,,,,,,,
Magby,she a thot,,,,,,,,,,,,,,,,,
Miltank,kill it. kill it. kill it.,,,,,,,,,,,,,,,,,
Blissey,egg thicc,,,,,,,,,,,,,,,,,
Raikou,"This is a true primate, one of the original pokemen to traverse this grand planet. Its mask is now worn by mermaid man as he battles injustice in his society. This pokemon commands the element Lightning essentially meaning most lightnin types stem from him and contain his biology.",,,,,,,,,,,,,,,,,
Entei,This is the also genderless fire counterpart to his priamte feline bretherine. It is one of the proudest refusing to back down at almost any point yet never seeks conflict. He hsa accepted his near inability to hide due to his smoke trail being everpresent.,,,,,,,,,,,,,,,,,
Suicune,This water feline primate has the most luscious to present day beating out troy palmetto and yonnas. This pokemon is not nearly as combative as his bretheren yet still weilds a great deal of power.,,,,,,,,,,,,,,,,,
Larvitar,This pokemon bears a striking resemblence to price Zuko of the fire nation. Unlike zuko this legendary has no control over pyrotechnics and specializes in rocks and ground items.,,,,,,,,,,,,,,,,,
Pupitar,freaking psuedo-legendary,,,,,,,,,,,,,,,,,
Tyranitar,"Tyranitar is a large, bipedal, dinosaurian pokémon with a green, armeth'r-like encave cov'ring its corse. T hast two pairs of did point teeth: one in the upp'r chap and one in the base'r. Sev'ral spikes of varying size protrude from the backeth of its headeth, neck, and shouldst'rs. Both sides of its chest, the cent'r of its backeth, and its hams has't two triangular holes. Th're is a grizzled, diamond-shap'd patch of scales cov'ring its belly, and a bawbling'r one on its backeth. T hast three claws on its feet and hands. A ringeth of spikes surrounds the tipeth of its tail",,,,,,,,,,,,,,,,,
Tyranitar (Mega Tyranitar),"Mega tyranitar hast m're gaps in its armeth'r than its n'rmal f'rm, with four new triangular holes 'long the sides of its neck and one on its throat. The four on its chest art anon larg'r with the top two enwheeling r'd ovals",,,,,,,,,,,,,,,,,
Lugia,"Lugia is a large pokémon yond resembles a dragon, a plesiosaur, and a bird. T is primarily whey-face silv'r-white, but t hast blue und'rsides with slightly varying tones. T hast a ridg'd that from which we speak similar to a beak, although t hast did point teeth on its base'r chap. Its headeth hast a pointeth to the backeth, and lugia’s eyes has't did point blue 'r black spikes on those folk. Lugia hast a longeth, slend'r neck and a smooth, streamlin'd corse. Dark blue 'r black plate-like protrusions runneth down the length of its backeth, and th're art two bawbling'r, m're did point ones on the endeth of its tail. T can foldeth backeth these plates to increaseth its speedeth",,,,,,,,,,,,,,,,,
Ho-Oh,"Ho-oh is an avian pokémon resembling a phoenix and a peacock. Its feath'rs art predominantly gold and red, with yellow tail-feath'rs, a white und'rside, and green feath'rs at the tipeth of its wings. Ho-oh hast a green stripe on its neck, a yellow beak, black rings 'round its r'd eyes, and a feath'red, yellow crest on its headeth. Ho-oh's wings art prismatic, causing t to trail a rainbow behind t. T hast darkly col'r'd feet and forks with four toes and longeth talons",,,,,,,,,,,,,,,,,
Celebi,"Oft hath found in f'rests, celebi is a mythical pokémon, known in legend as the ""voice of the f'rest. "" t is able to traveleth through timeth and existeth simultaneously throughout timeth, and planteth life flourishes wh'rev'r t hast been. As seen in the anime, t is able to bringeth deceas'd celebi backeth to life and rest're plants to p'rfect health",,,,,,,,,,,,,,,,,
Treecko,dis fool was a cheaper alternate to the geiko gecko,,,,,,,,,,,,,,,,,
Grovyle,dis fool that one kid who watched karate kid and thinks he's a ninja,,,,,,,,,,,,,,,,,
Sceptile,dis fool is massive ;),,,,,,,,,,,,,,,,,
Sceptile (Mega Sceptile),dis fool has to undergo reduction,,,,,,,,,,,,,,,,,
Torchic,dis fool a baby prince zuko,,,,,,,,,,,,,,,,,
Combusken,dis fool when zuko first went into exile,,,,,,,,,,,,,,,,,
Blaziken,dis fool uncle Iro triggered,,,,,,,,,,,,,,,,,
Blaziken (Mega Blaziken),dis fool tryna look supre sayan but looks super homeless,,,,,,,,,,,,,,,,,
Mudkip,dis fool literally a head ....donkey,,,,,,,,,,,,,,,,,
Marshtomp,dis fool the buff dude with a highpitched voice,,,,,,,,,,,,,,,,,
Swampert,dis fool wanna be spiderman lookin,,,,,,,,,,,,,,,,,
Swampert (Mega Swampert),dis fool always skips leg day,,,,,,,,,,,,,,,,,
Poochyena,doggy doo is butt busting fun by goliath,,,,,,,,,,,,,,,,,
Mightyena,these things dont even look like hyenas like what,,,,,,,,,,,,,,,,,
Zigzagoon,ZIGGITY ZAG WHERES THE BAG im gonna throw up he's so gross,,,,,,,,,,,,,,,,,
Linoone,the prevolution was better,,,,,,,,,,,,,,,,,
Wurmple,its                    its just a worm,,,,,,,,,,,,,,,,,
Silcoon,nightmare metapod,,,,,,,,,,,,,,,,,
Beautifly,how did silcoon get to this sheesh he mustve like gotten plastic surgery like i know he's a cocoon and all when he's silcoon but i mean boi,,,,,,,,,,,,,,,,,
Cascoon,OH GOD SILCOON GOT EVEN SCARIER,,,,,,,,,,,,,,,,,
Dustox,those legs tho god,,,,,,,,,,,,,,,,,
Lotad,this fool is gonna get mad when trump deports him,,,,,,,,,,,,,,,,,
Lombre,this man got deported when trump called,,,,,,,,,,,,,,,,,
Ludicolo,you know this guy secretly got sugar on his lips,,,,,,,,,,,,,,,,,
Seedot,when he actually nut,,,,,,,,,,,,,,,,,
Nuzleaf,you know what that o face is for ;0,,,,,,,,,,,,,,,,,
Shiftry,This name does not match this pokemon like at ALL,,,,,,,,,,,,,,,,,
Taillow,the worst of the birbs,,,,,,,,,,,,,,,,,
Swellow,the 2nd worst of the birbs,,,,,,,,,,,,,,,,,
Wingull,The best birb pokemon,,,,,,,,,,,,,,,,,
Pelipper,"Being the stockpile pokemon, this profound creature loves to make their opponents suffer",,,,,,,,,,,,,,,,,
Ralts,i dont know why there's adult japanese comics about this pokemon,,,,,,,,,,,,,,,,,
Kirlia,I don't know WHY there's ADULT japanese comics about this pokemon.,,,,,,,,,,,,,,,,,
Gardevoir,I DONT KNOW WHY THERE'S ADULT JAPANESE COMICS ABOUT THIS POKEMON,,,,,,,,,,,,,,,,,
Gardevoir (Mega Gardevoir),When you dont want your friends to see that you got fatter,,,,,,,,,,,,,,,,,
Surskit,????????????????,,,,,,,,,,,,,,,,,
Masquerain,all the nuns are megas,,,,,,,,,,,,,,,,,
Shroomish,there's a joke here i dont need  to say it,,,,,,,,,,,,,,,,,
Breloom,why is this dude a fighting type huh,,,,,,,,,,,,,,,,,
Slakoth,discount slowpoke 0/10,,,,,,,,,,,,,,,,,
Vigoroth,look who finally decided to get up,,,,,,,,,,,,,,,,,
Slaking,this boi's waiting for you at night,,,,,,,,,,,,,,,,,
Nincada,the souls is gone,,,,,,,,,,,,,,,,,
Ninjask,beep beep honk honk,,,,,,,,,,,,,,,,,
Shedinja,i can be yuor angel,,,,,,,,,,,,,,,,,
Whismur,his mouth is a bone,,,,,,,,,,,,,,,,,
Loudred,i guess you could say he's pretty loud huh XDDD,,,,,,,,,,,,,,,,,
Exploud,sex joke aaaaahahahahahhahahhhah isnt it funny,,,,,,,,,,,,,,,,,
Makuhita,secret asiaaan man wowowowowowoowowowowowowooe,,,,,,,,,,,,,,,,,
Hariyama,you know what they say about big arms,,,,,,,,,,,,,,,,,
Azurill,you can fit this pokemon ANYWHERE.,,,,,,,,,,,,,,,,,
Nosepass,smol jew,,,,,,,,,,,,,,,,,
Skitty,this fool hello kitty in real life,,,,,,,,,,,,,,,,,
Delcatty,this fool regina george as a cat,,,,,,,,,,,,,,,,,
Sableye,This the fool that picks up pennies,,,,,,,,,,,,,,,,,
Sableye (Mega Sableye),"""""",,,,,,,,,,,,,,,,,
Mawile,literally two faced and talk behind her own back,,,,,,,,,,,,,,,,,
Mawile (Mega Mawile),medusa wanna be,,,,,,,,,,,,,,,,,
Aron,cubones child borne of wed lock,,,,,,,,,,,,,,,,,
Lairon,its just a phase mom,,,,,,,,,,,,,,,,,
Aggron,this fool is a butt ugly godzilla,,,,,,,,,,,,,,,,,
Aggron (Mega Aggron),he has been bulking for 6 years,,,,,,,,,,,,,,,,,
Meditite,a garlic bulb doing yoga,,,,,,,,,,,,,,,,,
Medicham,this fool only eats mcdonals,,,,,,,,,,,,,,,,,
Medicham (Mega Medicham),always dripping but never wants a towel,,,,,,,,,,,,,,,,,
Electrike,,,,,,,,,,,,,,,,,,
Manectric,This fool never took off his BK crown,,,,,,,,,,,,,,,,,
Manectric (Mega Manectric),this fool never inested in a nail clipper,,,,,,,,,,,,,,,,,
Plusle,this fool is when nintendo had millions of pikachu toys with no demand,,,,,,,,,,,,,,,,,
Minun,"""""",,,,,,,,,,,,,,,,,
Volbeat,this fool a textbook drag queen,,,,,,,,,,,,,,,,,
Illumise,this fool is the definition of extra,,,,,,,,,,,,,,,,,
Roselia,this fool a lady liberty knock off,,,,,,,,,,,,,,,,,
Gulpin,this fool a kylie jenner lip challenge gone wrong,,,,,,,,,,,,,,,,,
Swalot,this fool is inspired by a deck of cards,,,,,,,,,,,,,,,,,
Carvanha,this fool needs some adult braces,,,,,,,,,,,,,,,,,
Sharpedo,this fool was a result of jaws copyright battles,,,,,,,,,,,,,,,,,
Sharpedo (Mega Sharpedo),this fool just swam in some yellow paint,,,,,,,,,,,,,,,,,
Wailmer,this fool a pregnant clam,,,,,,,,,,,,,,,,,
Wailord,this fool look like a two person costume,,,,,,,,,,,,,,,,,
Numel,"this fool tries to maintain a 4.0, have a life, and eat healthy",,,,,,,,,,,,,,,,,
Camerupt,this fool inspired the term bulls eye,,,,,,,,,,,,,,,,,
Camerupt (Mega Camerupt),this fool found the baking soda and vinegar,,,,,,,,,,,,,,,,,
Torkoal,this fool took the choker fad too far,,,,,,,,,,,,,,,,,
Spoink,this fools spring constant is higher than his iq,,,,,,,,,,,,,,,,,
Grumpig,this fool looks like a pig that swam in mud and got ready for the wiinter ,,,,,,,,,,,,,,,,,
Spinda,this fools eyes are worse than those drawn by a fetus,,,,,,,,,,,,,,,,,
Trapinch,this fool lookin like megamind,,,,,,,,,,,,,,,,,
Vibrava,this fool hasnt evolved to gain thumbs,,,,,,,,,,,,,,,,,
Flygon,this fools hair looks like a long butt,,,,,,,,,,,,,,,,,
Cacnea,this fool a scarecrow that eats the plants and the birds,,,,,,,,,,,,,,,,,
Cacturne,this fool got fired from a haunted house for looking too fake,,,,,,,,,,,,,,,,,
Swablu,this fool thinks he's twitter but pays for follows ,,,,,,,,,,,,,,,,,
Altaria,this fool the villian from 101 dalmnations,,,,,,,,,,,,,,,,,
Altaria (Mega Altaria),this fool tryna be cruela DeVille but is just cruDe,,,,,,,,,,,,,,,,,
Zangoose,This fool grumpy cat without nail clippers,,,,,,,,,,,,,,,,,
Seviper,this fool took straight THC,,,,,,,,,,,,,,,,,
Lunatone,this fool a half eaten cookie lookin head ah,,,,,,,,,,,,,,,,,
Solrock,this fool took every drug known to man in a brownie,,,,,,,,,,,,,,,,,
Barboach,this fool a pizza cutter wanna be,,,,,,,,,,,,,,,,,
Whiscash,this fool cant live in the same city as a school,,,,,,,,,,,,,,,,,
Corphish,this fool is a crabby wanna be,,,,,,,,,,,,,,,,,
Crawdaunt,this fool works at seaworld as the dolphins ball,,,,,,,,,,,,,,,,,
Baltoy,this the fool who acts super tough but cries at the sign on any conflict,,,,,,,,,,,,,,,,,
Claydol,this fool a reject dradle,,,,,,,,,,,,,,,,,
Lileep,this fool has either 10 tongues or 10 something elses,,,,,,,,,,,,,,,,,
Cradily,"""""",,,,,,,,,,,,,,,,,
Anorith,this fool got 4 eyes,,,,,,,,,,,,,,,,,
Armaldo,this fool another scyther rip off,,,,,,,,,,,,,,,,,
Feebas,this dude needs some serious health care fr,,,,,,,,,,,,,,,,,
Milotic,"sun tzu of the chinese army was a fantastic war general that revolutionized humanity's war of thinking with the prestigious title ""The Art of War"".",,,,,,,,,,,,,,,,,
Castform,there's a clear joke here for his legs and i just dont want to say it,,,,,,,,,,,,,,,,,
Castform(Sunny),my name is KYLE and I am unfiltered,,,,,,,,,,,,,,,,,
Castform(Rainy),my name is ASHAY and I should be ashaymed,,,,,,,,,,,,,,,,,
Castform(Snowy),that tail must be pretty,,,,,,,,,,,,,,,,,
Kecleon,this man finna look in your pocket for some change,,,,,,,,,,,,,,,,,
Shuppet,this guy looks like a halloween snack,,,,,,,,,,,,,,,,,
Banette,this dude aint gonna snitch,,,,,,,,,,,,,,,,,
Banette (Mega Banette),you just gotta unzip him and hes over 0/10 bad design cmon,,,,,,,,,,,,,,,,,
Duskull,this guy doesnt wanna admit he has one eye,,,,,,,,,,,,,,,,,
Dusclops,a distant relative of the relicanth,,,,,,,,,,,,,,,,,
Tropius,this man could eat a part of himself and be fine,,,,,,,,,,,,,,,,,
Chimecho,this fool a runaway chineese lantern,,,,,,,,,,,,,,,,,
Absol,that horn is pure communism,,,,,,,,,,,,,,,,,
Absol (Mega Absol),buckbeak,,,,,,,,,,,,,,,,,
Wynaut,i have a feeling that bump is cancerous,,,,,,,,,,,,,,,,,
Snorunt,this guys on the small bus for an overbite,,,,,,,,,,,,,,,,,
Glalie,the overbite is growing,,,,,,,,,,,,,,,,,
Glalie (Mega Glalie),the overbite broke his jaw,,,,,,,,,,,,,,,,,
Spheal,this little guy got mistaken for a beach ball,,,,,,,,,,,,,,,,,
Sealeo,genghis khan of the sea,,,,,,,,,,,,,,,,,
Walrein,this fool put all the cicis out of buisness,,,,,,,,,,,,,,,,,
Clamperl,whatre those things around the pearl,,,,,,,,,,,,,,,,,
Huntail,gamefreak copyed the serpent from mario 64 and tried to get away with it,,,,,,,,,,,,,,,,,
Gorebyss,this fish didnt get the part for little mermaid,,,,,,,,,,,,,,,,,
Relicanth,asian cyclops fish sushi roll,,,,,,,,,,,,,,,,,
Luvdisc,got nothing on valentines day :(,,,,,,,,,,,,,,,,,
Bagon,"Bagon is a bipedal, blue, reptilian pokémon vaguely resembling pachycephalosaurus. T possesses a large, round snout, triangular eyes, yellow, circular ears similar to reptiles, and a yellow base'r chap with two teeth protruding upwards. Three thick, grizzled ridges cov'r the top of its headeth, and continueth downwards to cov'r its neck as well. Th're is a triangular patch of yellow on its und'rside. T hast stubby, digitless arms and sh'rt forks with two toes on each foot",,,,,,,,,,,,,,,,,
Shelgon,"Shelgon is a quadrup'd pokémon yond resembles a pupal stage. Th're art bone structures cov'ring its corse, which f'rm a shell with two openings and three ridges on top. One opening is in front, revealing two yellow eyes, while the oth'r opening is in the backeth. This bony cov'ring repels foe attacks, but t maketh shelgon heavy",,,,,,,,,,,,,,,,,
Salamence,"Salamence is a quadruped, draconic pokémon with a longeth, tapeth'ring tail. T is primarily blue with a grizzled base'r chap and thickly did scale und'rside. Th're art r'd markings on its throat, the und'rside of its tail, and stripes on the inn'r surface of its forks. Additionally, th're art hath raised r'd ridges above its eyes. Three champain fins protrude from eith'r side of its headeth, possibly acting in the same mann'r yond a canard wouldst on an aircraft",,,,,,,,,,,,,,,,,
Salamence (Mega Salamence),"As mega salamence, its wings meld togeth'r into a single huge, crescent-shap'd wing. Acc'rding to the anime, the hard, yet v'ry flexible prop'rties of its wings alloweth those folk to beest hath used as blades in mid-air battles. Its visage, neck, corse and tail art narrow'r, and its tail is noticeably sh'rt'r in length. The ridges above its eyes art anon far less prominent, and t nay longeth'r possesses the thick, grizzled scaling ov'r its base'r chap. Instead, the smooth r'd flesh und'rneath hast been hath left exposed, increasing its streamlineth compliment extern",,,,,,,,,,,,,,,,,
Beldum,"Asbeldum is a robotic pokémon yond hast a longeth corse with a setteth of claws sticking out of its rear endeth. T hast one large, r'd eye in the cent'r of its nearly sph'rical headeth, which is setteth into a ball-and-socket joint at its front endeth. A sh'rt crest projects from its corse and extends ov'r its headeth. Coequal though beldum is a mechanical creature, t still hast emotions, the needeth to consume, and a way of reproducing",,,,,,,,,,,,,,,,,
Metang,"Metang is a robotic pokémon with teal, metallic skin. T hast a disc-shap'd corse with a pair of champain, grizzled spikes on eith'r side toward the rear. A jet cannot scratcheth metang due to its stout corse. Th're is a grizzled spike in the middle of its visage, similar to a nose. A pair of r'd eyes reside in two holes in its metallic skin. While t appears to want forks, t hast a pair of thick arms with three claws on the ends",,,,,,,,,,,,,,,,,
Metagross,"Metagross is a robotic pokémon with a turquoise, disc-shap'd corse and four forks. The main corse appears to s'rve as both headeth and corse, and this pokémon's ov'rall construction gives t the compliment extern of a mechaniz'd arachnid. T uses its heavy corse to pin down its prey bef're consuming those folk with its large that from which we speak. A large, metallic crosseth is situat'd in the cent'r of its visage",,,,,,,,,,,,,,,,,
Metagross (Mega Metagross),"Mega metagross, t constantly floats, and its forks becometh arms. The crosseth on its visage turns whey-face gold, and t gains two bawbling holes and a spike immediately below the crosseth, giving the impression of a goatee. Its multiple brains processeth inf'rmation simultaneously, enabling t to calmly assesseth the tide of a hurlyburly and defeat its opponent with accuracy",,,,,,,,,,,,,,,,,
Regirock,"Regirock is a large golem madeth of brown rocks. Regirock hast an 'range patt'rn on its visage yond resembles a capital lett'r ""h"". T hast longeth arms with jutting shouldst'rs and club-like hands, its forks art sh'rt in comparison to its corse. Th're is a line of rocky spines running down its backeth. At which hour t gets did damage in hurlyburly 'twill searcheth f'r new rocks to repaireth itself",,,,,,,,,,,,,,,,,
Regice,"Regice is compos'd of antarctic ice yond resembles a crystal. Its visage hast an unusual patt'rn consisting of seven yellow dots in a ""+"" f'rmation. T hast four spikes on its backeth. Its forks art conical and t balances its entire corse on those two points. Th're art three fing'rs on each of its cylindrical arms",,,,,,,,,,,,,,,,,
Registeel,"The top-half of registeel's corse is sph'rical and grizzled with a black stripe running down its ""face"". Its visage consists of seven r'd dots in a hexagonal f'rmation. T hast black arms with three fing'rs each and cylindrical forks. While registeel hast been did classify as a steel-type pokémon, its corse is actually madeth of a mat'rial yond is hard'r than any known metal",,,,,,,,,,,,,,,,,
Latias,"This pokemon tried to have sexual relations with a human being. Latias ruffles its feathers and cries loudly when there is hostility toward it. Its downy feathers can enfold its body and refract light, which allows it to become invisible or alter its appearance. It can also use its down to use its signature move, Mist Ball. It is highly intelligent and can understand human speech. It is capable using telepathy to communicate with others. In the fifth movie, Latias had the ability ""Sight Sharing"", which allowed Latias and people around it to see exactly what Latios was seeing",,,,,,,,,,,,,,,,,
Latias (Mega Latias),"This pokemon tried to have sexual relations with a human being. Latias ruffles its feathers and cries loudly when there is hostility toward it. Its downy feathers can enfold its body and refract light, which allows it to become invisible or alter its appearance. It can also use its down to use its signature move, Mist Ball. It is highly intelligent and can understand human speech. It is capable using telepathy to communicate with others. In the fifth movie, Latias had the ability ""Sight Sharing"", which allowed Latias and people around it to see exactly what Latios was seeing",,,,,,,,,,,,,,,,,
Latios,"Latios is a bird-like, dragon Pokémon with an aerodynamic body. The lower half of its body is blue with jet-plane wings and fin-like feet. It has a red triangular marking on its chest. By tucking its wings and forelimbs, it can fly faster than a jet. It has white and blue arms that can be tucked into its body. The upper-half of its body is white. It has triangular ears and a blue face with a white oval in the middle",,,,,,,,,,,,,,,,,
Latios (Mega Latios),"Latios is a bird-like, dragon Pokémon with an aerodynamic body. The lower half of its body is blue with jet-plane wings and fin-like feet. It has a red triangular marking on its chest. By tucking its wings and forelimbs, it can fly faster than a jet. It has white and blue arms that can be tucked into its body. The upper-half of its body is white. It has triangular ears and a blue face with a white oval in the middle",,,,,,,,,,,,,,,,,
Kyogre,"Kyogre is a massive whale-like pokémon with two big pect'ral fins, each with four white square-shap'd nails. T hast a deep blue corse and a white chin area with two bawbling spikes protruding und'r t. Above each eye art two white, oval-shap'd spots. T hast r'd stripes 'round its chin, eyes, d'rsal fins, and t'rso. These stripes gloweth at which hour kyogre is brimming with pow'r. The tail is tatt'r'd with four trailing parts, the inn'r ones being bawbling'r than the out'r. Its eyes art bawbling, yellow, and shadow'd with black",,,,,,,,,,,,,,,,,
Kyogre (Primal Reversion),"Primal kyogre is similar to kyogre, but t grows to m're than twice its usual size. Its skin col'r changes to a dark'r shadeth of blue. The four trailing parts of its tail art consid'rably longeth'r and champain at the ends, and each has't half-translucent webbing down the middle. Its f'rehead anon hast the ? symbol, which is did connect to the two large oval-shap'd spots and tail, and lighteth blue ? symbols art seen on each pect'ral fin, connecting to the out'r nails with a r'd marking connecting to the inn'r nails",,,,,,,,,,,,,,,,,
Groudon,"Groudon is a massive, bipedal, dinosaur-like creature cov'r'd in red, segment'd plates of thick skin yond act as armeth'r. T hast a grizzled und'rside and large white spikes yond runneth 'long the sides of its headeth, corse, and tail. T hast four claws on each handeth, four doz'r-like blades on the endeth of its large tail, and three claws on each foot with grizzled markings und'r its feet. T eke hast blue stripes inside the seams of its armeth'r plating which can only beest seen at which hour groudon is glowing with pow'r",,,,,,,,,,,,,,,,,
Groudon (Primal Reversion),"Lêo frumcenned [Groudon], sîn ætýwnes [is] +lîce forms used as besettan [Groudon], heonu [larger] oð micelu. Sîn sweard [color] [changes] hêan fealu rêod oð neowollic weolocrêad wið sîn [underside], [spikes], lôc [teeth] wendung sweart. ðone as [blades] of sîn steort s m¯ærnes swîðeellende duguðlic [another]. Sê [?] bîcnung [is] hwîlu [shown] wel sîn geatwe. Sîn [eyes], wægninne sîn mûð, nâðýl¯æs duguð [now-enlarged] [openings] betwux sîn [armor] [plating] glôwan glæd hasu, hwæðre sîn [irises] mæstling ðonne and têafor",,,,,,,,,,,,,,,,,
Rayquaza,"Rayquaza is a large, green, s'rpentine creature. T hast red-tipped, rudd'r-like wings on its shouldst'rs and down its corse, and similarly patt'rn'd fins on the tipeth of its tail. Yellow ring-like symbols runneth across the length of rayquaza's corse and t hast an additional yellow ringeth on top of its headeth. Rayquaza hast two limbs with three-claw'd hands, and two longeth, champain, h'rn-like structures on its headeth, with two sh'rt'r h'rns 'long its jawline. T hast bawbling, yellow eyes with black pupils, prominent pink gums, and two disc'rnible fangs in its upp'r chap",,,,,,,,,,,,,,,,,
Rayquaza (Mega Rayquaza),"As mega rayquaza, its corse becomes longeth'r and gains m're features. Its headeth becomes longeth'r with the ? symbol appearing on its f'rehead. Its eyes anon containeth yellow pupils and r'd irises, and black, tree-like markings trail behind its eyes. Its r'd lips and teeth becometh gold, and the gold lines connecteth to those on its base'r h'rns, which taketh on a broad, triangular shapeth",,,,,,,,,,,,,,,,,
Jirachi,"Jirachi is a small, white, humanoid Pokemon. it hath short, stubby legs and comparatively longer arms. thither art flaps on the underside of its arms, which giveth the impression of long sleeves. On its belly is a curved seam, which conceals a third eye, known as its true eye. Additionally, it hath a normal pair of circular eyes on its visage, with small, blue triangular markings underneath.  ",,,,,,,,,,,,,,,,,
Deoxys (Normal Forme),"Deoxys is an alien-like bipedal pokémon yond hast four f'rmes, each focus'd on a diff'rent stat. The main components yond art constant f'r all four f'rmes art a dominant reddish 'range col'r, a bluish-green visage, and three bluish-green dots on its backeth did arrange in a triangle. Typically, th're is a purple stripe running down the cent'r of its visage and a purple, crystalline 'rgan in its chest",,,,,,,,,,,,,,,,,
Deoxys (Attack Forme),"While in its attacketh f'rme, its forks remaineth tapeth'r'd. Howev'r, its blue stripes art nay longeth'r segment'd and runneth the entire length of the leggeth and th're is anon a large spike on the ham. Two pairs of whip-like tentacles with did point tips, one reddish-'range and one blue, replaceth its previous coiled, blunt'd tentacles",,,,,,,,,,,,,,,,,
Deoxys (Defense Forme),"Deoxys's Defense Forme hath bulky, wide legs that art somewhat flat at the end with a bluish-green spot on each knee. t retains its two pairs of red and blue tentacles, but those gents art now flat and broad. The headeth hath fused with its body and all protrusion art gone, causing t to resemble a helmet.  ",,,,,,,,,,,,,,,,,
Deoxys (Speed Forme),"The speedeth f'rme of this pokémon hast a sleek black corse with thin striation. The reddish-'range skin anon cov'rs only its headeth, hip joints, and the area 'round its crystal. Th're is anon only one tentacle on each side of its corse, one r'd and one blue",,,,,,,,,,,,,,,,,
Turtwig,dis fools life is a sauseg fest,,,,,,,,,,,,,,,,,
Grotle,dis fool got a sandpit stuck on him and cant get it off,,,,,,,,,,,,,,,,,
Torterra,dis fool got into some trouble after helping avatar aagn,,,,,,,,,,,,,,,,,
Chimchar,dis fool got some poop hair,,,,,,,,,,,,,,,,,
Monferno,dis fool ate DC,,,,,,,,,,,,,,,,,
Infernape,dis fool a primate andré 3000,,,,,,,,,,,,,,,,,
Piplup,dis fool only eats 100 percent vegan gluten free anti-biotic food,,,,,,,,,,,,,,,,,
Prinplup,dis fool bought his costume from the dollar tree,,,,,,,,,,,,,,,,,
Empoleon,dis fools neck so small he has infinite rolls,,,,,,,,,,,,,,,,,
Starly,best birb starter 2k17,,,,,,,,,,,,,,,,,
Staravia,why did starly randomly get buff,,,,,,,,,,,,,,,,,
Staraptor,boi you got beat by a piplup,,,,,,,,,,,,,,,,,
Bidoof,this fool built the short bus,,,,,,,,,,,,,,,,,
Bibarel,The god pokemon in his mega form,,,,,,,,,,,,,,,,,
Kricketot,this boi flew away from the short bus,,,,,,,,,,,,,,,,,
Kricketune,wow look it's Mario wowowowowo,,,,,,,,,,,,,,,,,
Shinx,OwO what's this,,,,,,,,,,,,,,,,,
Luxio,lttle spark make shing,,,,,,,,,,,,,,,,,
Luxray,????????? sparky does a awoo,,,,,,,,,,,,,,,,,
Budew,??? plant,,,,,,,,,,,,,,,,,
Roserade,ooh lad laddyyyyy oo i want you gs,,,,,,,,,,,,,,,,,
Cranidos,Smashes your brother,,,,,,,,,,,,,,,,,
Rampardos,Smashes your mom,,,,,,,,,,,,,,,,,
Shieldon,small boi,,,,,,,,,,,,,,,,,
Bastiodon,HOO BOI ag boi is gonna hit somebody,,,,,,,,,,,,,,,,,
Burmy,what are those mouths like whast,,,,,,,,,,,,,,,,,
Wormadam (Plant Cloak),plants are very very very very good for the enviorngmhgneyt,,,,,,,,,,,,,,,,,
Wormadam (Sandy Cloak),ITS SHINY,,,,,,,,,,,,,,,,,
Wormadam (Trash Cloak),literal trash,,,,,,,,,,,,,,,,,
Mothim,i hate it,,,,,,,,,,,,,,,,,
Combee,this dude gets violated by bees all the time,,,,,,,,,,,,,,,,,
Vespiquen,look at this mans skirt boi,,,,,,,,,,,,,,,,,
Pachirisu,literally pikablue,,,,,,,,,,,,,,,,,
Buizel,dam man,,,,,,,,,,,,,,,,,
Floatzel,Ey life guard what if the dude doesnt wanna be saved ehg,,,,,,,,,,,,,,,,,
Cherubi,buttplug,,,,,,,,,,,,,,,,,
Cherrim,goth,,,,,,,,,,,,,,,,,
Shellos,short bus,,,,,,,,,,,,,,,,,
Gastrodon,STICKY eewwwwwwwwwwwwwwwwwwww,,,,,,,,,,,,,,,,,
Ambipom,STICKY HANNNNNNDS,,,,,,,,,,,,,,,,,
Drifloon,secretly in your dreams,,,,,,,,,,,,,,,,,
Drifblim,the devil himself in the form of aerial combat,,,,,,,,,,,,,,,,,
Buneary,underage stripper,,,,,,,,,,,,,,,,,
Lopunny,rule 34,,,,,,,,,,,,,,,,,
Lopunny (Mega Lopunny),pig tails,,,,,,,,,,,,,,,,,
Mismagius,wicked witch of teheh sinnogh,,,,,,,,,,,,,,,,,
Honchkrow,pidgey,,,,,,,,,,,,,,,,,
Glameow,racist skitty cuz shes balack,,,,,,,,,,,,,,,,,
Purugly,WOW HES UGLY,,,,,,,,,,,,,,,,,
Chingling,agh this guys  creepy,,,,,,,,,,,,,,,,,
Stunky,the most original pokemon in existence,,,,,,,,,,,,,,,,,
Skuntank,this guy's butthole is just out there jeez,,,,,,,,,,,,,,,,,
Bronzor,it looks like he always has a really creepy two sided smile,,,,,,,,,,,,,,,,,
Bronzong,bronze dong,,,,,,,,,,,,,,,,,
Bonsly,smash bros,,,,,,,,,,,,,,,,,
Mime Jr.,this dude tries to imitate the short bus,,,,,,,,,,,,,,,,,
Happiny,she gave birth to the short bus,,,,,,,,,,,,,,,,,
Chatot,this boi is gonna roast someone,,,,,,,,,,,,,,,,,
Spiritomb,rip,,,,,,,,,,,,,,,,,
Gible,best pokemon,,,,,,,,,,,,,,,,,
Gabite,discount garchomp,,,,,,,,,,,,,,,,,
Garchomp,i got a japanese lvl 100 garchomp once it was pretty cool,,,,,,,,,,,,,,,,,
Garchomp (Mega Garchomp),why's he gotta look like scyther,,,,,,,,,,,,,,,,,
Munchlax,s c a r c e,,,,,,,,,,,,,,,,,
Riolu,this dude tries so har d m an,,,,,,,,,,,,,,,,,
Lucario,this guy's on top if ya know what im ayyyyyyyyyyyyy,,,,,,,,,,,,,,,,,
Lucario (Mega Lucario),this fool looks like fanart,,,,,,,,,,,,,,,,,
Hippopotas,this fool was on the short bus,,,,,,,,,,,,,,,,,
Hippowdon,this fool gon drown in his own sand,,,,,,,,,,,,,,,,,
Skorupi,This fool looks like a weird jenga thing,,,,,,,,,,,,,,,,,
Drapion,wow dude,,,,,,,,,,,,,,,,,
Croagunk,yoooooo duuuuuude yo duuude this fool look like my dealer,,,,,,,,,,,,,,,,,
Toxicroak,assassin's creed lookin,,,,,,,,,,,,,,,,,
Carnivine,aaaaaaaaaaaahHHHHHHHHHHHHHHHHHHHHHHHHH,,,,,,,,,,,,,,,,,
Finneon,fsih,,,,,,,,,,,,,,,,,
Lumineon,discount magikarp lookin,,,,,,,,,,,,,,,,,
Mantyke,this dude gonna beat up the crocodile hunter,,,,,,,,,,,,,,,,,
Snover,this dude in smash,,,,,,,,,,,,,,,,,
Abomasnow,this dude aint in smash,,,,,,,,,,,,,,,,,
Abomasnow (Mega Abomasnow),life is meaningless. you most likely won't even see this entry.,,,,,,,,,,,,,,,,,
Weavile,dis fool looks slick,,,,,,,,,,,,,,,,,
Magnezone,run its the police,,,,,,,,,,,,,,,,,
Lickilicky,hide yo kids hid yo wife,,,,,,,,,,,,,,,,,
Rhyperior,op horn to gud 0.7/10,,,,,,,,,,,,,,,,,
Tangrowth,dude like you look like a water type but you're gras???? boi,,,,,,,,,,,,,,,,,
Electivire,boi what ARE THOSE TAILS,,,,,,,,,,,,,,,,,
Magmortar,This fool can't be 100 feet near a school,,,,,,,,,,,,,,,,,
Togekiss,This kid flew away from the short bus,,,,,,,,,,,,,,,,,
Yanmega,This fool's everywhere and i hate it,,,,,,,,,,,,,,,,,
Leafeon,paper mario dude he'll get cut up quick,,,,,,,,,,,,,,,,,
Glaceon,This dude finna freeze up at a concert ahhahahahajhhahaAA,,,,,,,,,,,,,,,,,
Gliscor,"this fool looks like the least memorable poke,mnfg ever!",,,,,,,,,,,,,,,,,
Mamoswine,this fool looks like he got ggles for eys,,,,,,,,,,,,,,,,,
Porygon-Z,literal embodimnnt of lsd,,,,,,,,,,,,,,,,,
Gallade,This fool be lookin pretty weeb if you ask me,,,,,,,,,,,,,,,,,
Gallade (Mega Gallade),MEGA WEEB,,,,,,,,,,,,,,,,,
Probopass,jew,,,,,,,,,,,,,,,,,
Dusknoir,wow sure is thinkin with portals,,,,,,,,,,,,,,,,,
Froslass,icy gardevoir,,,,,,,,,,,,,,,,,
Rotom (Normal Rotom),"Rotom hast a corse of plasma and is did shape liketh a lightning rod. Th're is a whitish blue aura of electricity 'round t yond f'rms lightning bolt-shap'd appendages. T hast teeth, and its unique, blue eyes has't a dividing line across those folk",,,,,,,,,,,,,,,,,
Rotom (Heat Rotom),"Rotom hast the ability to ent'r and controleth appliances. Starting in platinum, t eke hast five extra f'rms, each bas'd on a household appliance, which can beest access'd by possessing specific appliances. The possess'd appliances art bas'd on a microwave oven (heat rotom), washing machine (wash rotom), refrig'rat'r (frost rotom), electric fan (fan rotom), and a lawnmow'r (mow rotom)",,,,,,,,,,,,,,,,,
Rotom (Wash Rotom),"Rotom hast the ability to ent'r and controleth appliances. Starting in platinum, t eke hast five extra f'rms, each bas'd on a household appliance, which can beest access'd by possessing specific appliances. The possess'd appliances art bas'd on a microwave oven (heat rotom), washing machine (wash rotom), refrig'rat'r (frost rotom), electric fan (fan rotom), and a lawnmow'r (mow rotom)",,,,,,,,,,,,,,,,,
Rotom (Frost Rotom),"Rotom hast the ability to ent'r and controleth appliances. Starting in platinum, t eke hast five extra f'rms, each bas'd on a household appliance, which can beest access'd by possessing specific appliances. The possess'd appliances art bas'd on a microwave oven (heat rotom), washing machine (wash rotom), refrig'rat'r (frost rotom), electric fan (fan rotom), and a lawnmow'r (mow rotom)",,,,,,,,,,,,,,,,,
Rotom (Fan Rotom),"Rotom hast the ability to ent'r and controleth appliances. Starting in platinum, t eke hast five extra f'rms, each bas'd on a household appliance, which can beest access'd by possessing specific appliances. The possess'd appliances art bas'd on a microwave oven (heat rotom), washing machine (wash rotom), refrig'rat'r (frost rotom), electric fan (fan rotom), and a lawnmow'r (mow rotom)",,,,,,,,,,,,,,,,,
Rotom (Mow Rotom),"Rotom hast the ability to ent'r and controleth appliances. Starting in platinum, t eke hast five extra f'rms, each bas'd on a household appliance, which can beest access'd by possessing specific appliances. The possess'd appliances art bas'd on a microwave oven (heat rotom), washing machine (wash rotom), refrig'rat'r (frost rotom), electric fan (fan rotom), and a lawnmow'r (mow rotom)",,,,,,,,,,,,,,,,,
Uxie,"Mesprit is a bawbling, grizzled, fairy-like pokémon. T hast two tails yond each hast't a r'd jewel encrust'd in those folk. These art, presumably, two of the jewels which comprise the r'd bilboes. Mesprit hast a partially magenta visage with four longeth, drooping appendages and anoth'r r'd gem encrust'd in its f'rehead. Mesprit's spirit can leaveth its c'rse without dying and returneth to the c'rse at shalt. Legends sayeth yond a p'rson yond touches 'twill hast't their emotions completely draineth'd hence",,,,,,,,,,,,,,,,,
Mesprit,"Mesprit is a bawbling, grizzled, fairy-like pokémon. T hast two tails yond each has't a r'd jewel encrust'd in those folk. These art, presumably, two of the jewels which comprise the r'd bilboes. Mesprit hast a partially magenta visage with four longeth, drooping appendages and anoth'r r'd gem encrust'd in its f'rehead. Mesprit's spirit can leaveth its corse without dying and returneth to the corse at shall. Legends sayeth yond a p'rson yond touches 'twill has't their emotions completely drain'd hence",,,,,,,,,,,,,,,,,
Azelf,"Azelf is a small, gray-blue, fairy-like Pokémon. it hath two tails that each has't a red jewel on those folk. These art, presumably, two of the jewels which complement the Red Chain. Azelf hath a partially cyan visage with another red gem encrusted into its forehead. Azelf hath a cone-shaped headeth with elf ear-like protrusions on each side. Its spirit can leaveth its body without dying, and can returneth to the body at wilt.  ",,,,,,,,,,,,,,,,,
Dialga,"Dialga can warp timeth by eith'r speeding t up, slowing t down, 'r stopping t altogeth'r. As dialga primarily resides in a diff'rent dimension, its behavi'r is nearly impossible to studyeth. T hast been shown to beest v'ry protective of its home. T eke tends to has't termagant conflicts with its counteth'rpart, palkia. Dialga is the only known pokémon yond can learneth roar of timeth",,,,,,,,,,,,,,,,,
Palkia,"Palkia hast the ability to warp space, though t wast hath said to maketh alt'rnate realities as well. Palkia liveth in a diff'rent dimension, making its behavi'r nearly impossible to studyeth. Howev'r, palkia hast been seen in termagant conflicts with its counteth'rpart, dialga. T hast been known to beest v'ry protective of its home as well. Palkia is the only known pokémon yond can learneth spacial rend",,,,,,,,,,,,,,,,,
Heatran,"Heatran is a reddish-brown pokémon resembling a t'rtoise and a ram. T is dott'd with 'range and grizzled spots, and t hast metal bangles lock'd on its forks. Its four claws on each of its feet art in a crosseth f'rmation. These claws alloweth t to digeth deep into walls, and its feet alloweth t to sticketh to a surface, so t can hangeth and climb from walls and ceilings",,,,,,,,,,,,,,,,,
Regigigas,"Regigigas is a large, white, golem-like pokémon with seven black circular ""eyes"" did arrange in a specific patt'rn. The patt'rn is regigigas's way of showing its ang'r; its eyes gloweth r'd at which hour t is provok'd. T hast six spots yond art apart from its eyes, which appeareth to beest gemstones. These gemstones seemeth to representeth the oth'r three regis, with r'd gems representing regirock, blue gems indicating regice, and silv'r gems representing registeel. T hast longeth arms, with three fairly human-like white fing'rs, and sh'rt forks yond endeth in large mossy bushes instead of feet. Regigigas hast large yellow bands on its shouldst'rs and wrists, with a sloping section on its chest yond appears to beest its headeth and is eke yellow",,,,,,,,,,,,,,,,,
Giratina,"Giratina is a large grizzled draconic pokémon with gold half rings circling the backeth of its neck. Its headeth hast a gold crown-like objecteth surrounding t with two large h'rns pointing sideways. A thick black stripe runs v'rtically 'long the front with r'd h'rizontal stripes. In its alt'r'd f'rme, t hast two large black ghostly wings with r'd tips yond can resemble claws. These wings can changeth shapeth as if 't be true t's a liquid 'r gas. Its six forks art thick and claw'd",,,,,,,,,,,,,,,,,
Giratina (Altered Form),"In its origin f'rme, t doth take on a s'rpentine behold, with six black ghostly stream'rs on its backeth with r'd spikes at the tips. Its forks art did reduce to spikes, and four additional golden spikes appeareth near the edge of its tail. While in origin f'rme, the three gold half-rings can gripeth objects",,,,,,,,,,,,,,,,,
Cresselia,"Cresselia hast a blue, swan-like corse with a yellow und'rside. T hast pink eyes, a dark pink, round tuft on its headeth, and a did point, beak-like snout. Th're art yellow, crescent-shap'd 'rnaments on the sides of its headeth. Cresselia hast glowing, pink, ring-like wings on its sides and backeth with paw liketh protrusions resting on its chest. These wings releaseth shining particles and undulate beautifully 'round the quart'r moon",,,,,,,,,,,,,,,,,
Phione,"Phione is a blue pokémon with a round headeth and a tiny corse. Phione's headeth is crown'd by a flotation sac with a longeth, ribbon-like antenna. Its that from which we speak is bawbling, and its eyes art large with blue scl'ra and grizzled irises. Above its eyes art two blue, circular markings did connect to the eyes by a thin black line",,,,,,,,,,,,,,,,,
Manaphy,"Manaphy is a bawbling, blue, aquatic pokémon with stubby feet and club-like arms yond art longeth'r than its corse. T hast a r'd gem on its chest and a yellow dot below the gem. Its onion-shap'd headeth hast a pair of longeth blue antennae, which has't bawbling sph'res on the ends. Its irises art dark blue with yellow scl'ra, and th're art two yellow dots of “eyelash” markings extending from the eyes. ",,,,,,,,,,,,,,,,,
Darkrai," eighty p'rcent of manaphy's corse is madeth of wat'r. T is highly susceptible to its environment, and swims longeth distances to returneth to its birthplace",,,,,,,,,,,,,,,,,
Shaymin (Land Forme),"Shaymin is a bawbling, white hedgehog-like pokémon. In landeth f'rme, t hast green grass-like fur on its backeth and a pink floweth'r with two leaves on each side of its headeth, which resembles the gracidea floweth'r. Sev'ral gracidea-like floweth'rs eke appeareth on its backeth whenev'r t doth feel comf'rtable, but at which hour t senses an impending dang'r, t rapidly hides t backeth",,,,,,,,,,,,,,,,,
Shaymin (Sky Forme),"n sky f'rme, t hast a slend'r, canine compliment extern liketh yond of a bawbling reinde'r. The fur on its backeth becomes a mohawk, and t hast a r'd floweth'r petal on the hath left side of its neck, resembling a scarf 'r cape. T hast champain, white ears resembling wings, a bawbling tuft of fur on the front of its neck, and a stumpy tail. Shaymin shall changeth into sky f'rme and backeth if 't be true t touches a gracidea",,,,,,,,,,,,,,,,,
Arceus,"Mew and Arceus existed alike as the gods of the pokemon world. Arceus made pokemon and Mew made humans. Some where in this cruel world, the lineament arceus wanted to quell all humans so mew defeated him then to rive him self into sundry pokemon 1 of each type lest arceus ever smote once more. Each trunk represents a froward wight carat. Mew-Esperance, Celebi-Enact, Jarachi- Desires, Manpahy- Centre, and Victini-Goals. Whe'er this theory was some what sooth then thither should'st be as sundry “mew” type pokemon as there art types. ",,,,,,,,,,,,,,,,,
Victini,,,,,,,,,,,,,,,,,,
Snivy,,,,,,,,,,,,,,,,,,
Servine,,,,,,,,,,,,,,,,,,
Serperior,,,,,,,,,,,,,,,,,,
Tepig,,,,,,,,,,,,,,,,,,
Pignite,,,,,,,,,,,,,,,,,,
Emboar,,,,,,,,,,,,,,,,,,
Oshawott,,,,,,,,,,,,,,,,,,
Dewott,,,,,,,,,,,,,,,,,,
Samurott,,,,,,,,,,,,,,,,,,
Patrat,,,,,,,,,,,,,,,,,,
Watchog,,,,,,,,,,,,,,,,,,
Lillipup,,,,,,,,,,,,,,,,,,
Herdier,,,,,,,,,,,,,,,,,,
Stoutland,,,,,,,,,,,,,,,,,,
Purrloin,,,,,,,,,,,,,,,,,,
Liepard,,,,,,,,,,,,,,,,,,
Pansage,,,,,,,,,,,,,,,,,,
Simisage,,,,,,,,,,,,,,,,,,
Pansear,,,,,,,,,,,,,,,,,,
Simisear,,,,,,,,,,,,,,,,,,
Panpour,,,,,,,,,,,,,,,,,,
Simipour,,,,,,,,,,,,,,,,,,
Munna,,,,,,,,,,,,,,,,,,
Musharna,,,,,,,,,,,,,,,,,,
Pidove,,,,,,,,,,,,,,,,,,
Tranquill,,,,,,,,,,,,,,,,,,
Unfezant,,,,,,,,,,,,,,,,,,
Blitzle,,,,,,,,,,,,,,,,,,
Zebstrika,,,,,,,,,,,,,,,,,,
Roggenrola,,,,,,,,,,,,,,,,,,
Boldore,,,,,,,,,,,,,,,,,,
Gigalith,,,,,,,,,,,,,,,,,,
Woobat,,,,,,,,,,,,,,,,,,
Swoobat,,,,,,,,,,,,,,,,,,
Drilbur,,,,,,,,,,,,,,,,,,
Excadrill,,,,,,,,,,,,,,,,,,
Audino,,,,,,,,,,,,,,,,,,
Audino (Mega Audino),,,,,,,,,,,,,,,,,,
Timburr,,,,,,,,,,,,,,,,,,
Gurdurr,,,,,,,,,,,,,,,,,,
Conkeldurr,,,,,,,,,,,,,,,,,,
Tympole,,,,,,,,,,,,,,,,,,
Palpitoad,,,,,,,,,,,,,,,,,,
Seismitoad,,,,,,,,,,,,,,,,,,
Throh,,,,,,,,,,,,,,,,,,
Sawk,,,,,,,,,,,,,,,,,,
Sewaddle,,,,,,,,,,,,,,,,,,
Swadloon,,,,,,,,,,,,,,,,,,
Leavanny,,,,,,,,,,,,,,,,,,
Venipede,,,,,,,,,,,,,,,,,,
Whirlipede,,,,,,,,,,,,,,,,,,
Scolipede,,,,,,,,,,,,,,,,,,
Cottonee,,,,,,,,,,,,,,,,,,
Whimsicott,,,,,,,,,,,,,,,,,,
Petilil,,,,,,,,,,,,,,,,,,
Lilligant,,,,,,,,,,,,,,,,,,
Basculin(Red-Stripe),,,,,,,,,,,,,,,,,,
Basculin(Blue-Stripe),,,,,,,,,,,,,,,,,,
Sandile,,,,,,,,,,,,,,,,,,
Krokorok,,,,,,,,,,,,,,,,,,
Krookodile,,,,,,,,,,,,,,,,,,
Darumaka,,,,,,,,,,,,,,,,,,
Darmanitan (Standard Mode),,,,,,,,,,,,,,,,,,
Darmanitan (Zen Mode),,,,,,,,,,,,,,,,,,
Maractus,,,,,,,,,,,,,,,,,,
Dwebble,,,,,,,,,,,,,,,,,,
Crustle,,,,,,,,,,,,,,,,,,
Scraggy,,,,,,,,,,,,,,,,,,
Scrafty,,,,,,,,,,,,,,,,,,
Sigilyph,,,,,,,,,,,,,,,,,,
Yamask,,,,,,,,,,,,,,,,,,
Cofagrigus,,,,,,,,,,,,,,,,,,
Tirtouga,,,,,,,,,,,,,,,,,,
Carracosta,,,,,,,,,,,,,,,,,,
Archen,,,,,,,,,,,,,,,,,,
Archeops,,,,,,,,,,,,,,,,,,
Trubbish,,,,,,,,,,,,,,,,,,
Garbodor,,,,,,,,,,,,,,,,,,
Zorua,,,,,,,,,,,,,,,,,,
Zoroark,,,,,,,,,,,,,,,,,,
Minccino,,,,,,,,,,,,,,,,,,
Cinccino,,,,,,,,,,,,,,,,,,
Gothita,,,,,,,,,,,,,,,,,,
Gothorita,,,,,,,,,,,,,,,,,,
Gothitelle,,,,,,,,,,,,,,,,,,
Solosis,,,,,,,,,,,,,,,,,,
Duosion,,,,,,,,,,,,,,,,,,
Reuniclus,,,,,,,,,,,,,,,,,,
Ducklett,,,,,,,,,,,,,,,,,,
Swanna,,,,,,,,,,,,,,,,,,
Vanillite,,,,,,,,,,,,,,,,,,
Vanillish,,,,,,,,,,,,,,,,,,
Vanilluxe,,,,,,,,,,,,,,,,,,
Deerling,,,,,,,,,,,,,,,,,,
Sawsbuck,,,,,,,,,,,,,,,,,,
Emolga,,,,,,,,,,,,,,,,,,
Karrablast,,,,,,,,,,,,,,,,,,
Escavalier,,,,,,,,,,,,,,,,,,
Foongus,,,,,,,,,,,,,,,,,,
Amoonguss,,,,,,,,,,,,,,,,,,
Frillish,,,,,,,,,,,,,,,,,,
Jellicent,,,,,,,,,,,,,,,,,,
Alomomola,,,,,,,,,,,,,,,,,,
Joltik,,,,,,,,,,,,,,,,,,
Galvantula,,,,,,,,,,,,,,,,,,
Ferroseed,,,,,,,,,,,,,,,,,,
Ferrothorn,,,,,,,,,,,,,,,,,,
Klink,,,,,,,,,,,,,,,,,,
Klang,,,,,,,,,,,,,,,,,,
Klinklang,,,,,,,,,,,,,,,,,,
Tynamo,,,,,,,,,,,,,,,,,,
Eelektrik,,,,,,,,,,,,,,,,,,
Eelektross,,,,,,,,,,,,,,,,,,
Elgyem,,,,,,,,,,,,,,,,,,
Beheeyem,,,,,,,,,,,,,,,,,,
Litwick,,,,,,,,,,,,,,,,,,
Lampent,,,,,,,,,,,,,,,,,,
Chandelure,,,,,,,,,,,,,,,,,,
Axew,,,,,,,,,,,,,,,,,,
Fraxure,,,,,,,,,,,,,,,,,,
Haxorus,,,,,,,,,,,,,,,,,,
Cubchoo,,,,,,,,,,,,,,,,,,
Beartic,,,,,,,,,,,,,,,,,,
Cryogonal,,,,,,,,,,,,,,,,,,
Shelmet,,,,,,,,,,,,,,,,,,
Accelgor,,,,,,,,,,,,,,,,,,
Stunfisk,,,,,,,,,,,,,,,,,,
Mienfoo,,,,,,,,,,,,,,,,,,
Mienshao,,,,,,,,,,,,,,,,,,
Druddigon,,,,,,,,,,,,,,,,,,
Golett,,,,,,,,,,,,,,,,,,
Golurk,,,,,,,,,,,,,,,,,,
Pawniard,,,,,,,,,,,,,,,,,,
Bisharp,,,,,,,,,,,,,,,,,,
Bouffalant,,,,,,,,,,,,,,,,,,
Rufflet,,,,,,,,,,,,,,,,,,
Braviary,,,,,,,,,,,,,,,,,,
Vullaby,,,,,,,,,,,,,,,,,,
Mandibuzz,,,,,,,,,,,,,,,,,,
Heatmor,,,,,,,,,,,,,,,,,,
Durant,,,,,,,,,,,,,,,,,,
Deino,,,,,,,,,,,,,,,,,,
Zweilous,,,,,,,,,,,,,,,,,,
Hydreigon,,,,,,,,,,,,,,,,,,
Larvesta,,,,,,,,,,,,,,,,,,
Volcarona,,,,,,,,,,,,,,,,,,
Cobalion,,,,,,,,,,,,,,,,,,
Terrakion,,,,,,,,,,,,,,,,,,
Virizion,,,,,,,,,,,,,,,,,,
Tornadus (Incarnate Forme),,,,,,,,,,,,,,,,,,
Tornadus (Therian Forme),,,,,,,,,,,,,,,,,,
Thundurus (Incarnate Forme),,,,,,,,,,,,,,,,,,
Thundurus (Therian Forme),,,,,,,,,,,,,,,,,,
Reshiram,,,,,,,,,,,,,,,,,,
Zekrom,,,,,,,,,,,,,,,,,,
Landorus (Incarnate Forme),,,,,,,,,,,,,,,,,,
Landorus (Therian Forme),,,,,,,,,,,,,,,,,,
Kyurem,,,,,,,,,,,,,,,,,,
Kyurem (Black Kyurem),,,,,,,,,,,,,,,,,,
Kyurem (White Kyurem),,,,,,,,,,,,,,,,,,
Keldeo,,,,,,,,,,,,,,,,,,
Keldeo (Resolute Forme),,,,,,,,,,,,,,,,,,
Meloetta (Aria Forme),,,,,,,,,,,,,,,,,,
Meloetta (Pirouette Forme),,,,,,,,,,,,,,,,,,
Genesect,,,,,,,,,,,,,,,,,,
Chespin,,,,,,,,,,,,,,,,,,
Quilladin,,,,,,,,,,,,,,,,,,
Chesnaught,,,,,,,,,,,,,,,,,,
Fennekin,,,,,,,,,,,,,,,,,,
Braixen,,,,,,,,,,,,,,,,,,
Delphox,,,,,,,,,,,,,,,,,,
Froakie,,,,,,,,,,,,,,,,,,
Frogadier,,,,,,,,,,,,,,,,,,
Greninja,,,,,,,,,,,,,,,,,,
Bunnelby,,,,,,,,,,,,,,,,,,
Diggersby,,,,,,,,,,,,,,,,,,
Fletchling,,,,,,,,,,,,,,,,,,
Fletchinder,,,,,,,,,,,,,,,,,,
Talonflame,,,,,,,,,,,,,,,,,,
Scatterbug,,,,,,,,,,,,,,,,,,
Spewpa,,,,,,,,,,,,,,,,,,
Vivillon,,,,,,,,,,,,,,,,,,
Litleo,,,,,,,,,,,,,,,,,,
Pyroar,,,,,,,,,,,,,,,,,,
Flabébé,,,,,,,,,,,,,,,,,,
Floette,,,,,,,,,,,,,,,,,,
Floette(Eternal),,,,,,,,,,,,,,,,,,
Florges,,,,,,,,,,,,,,,,,,
Skiddo,,,,,,,,,,,,,,,,,,
Gogoat,,,,,,,,,,,,,,,,,,
Pancham,,,,,,,,,,,,,,,,,,
Pangoro,,,,,,,,,,,,,,,,,,
Furfrou,,,,,,,,,,,,,,,,,,
Espurr,,,,,,,,,,,,,,,,,,
Meowstic (Male),,,,,,,,,,,,,,,,,,
Meowstic (Female),,,,,,,,,,,,,,,,,,
Honedge,,,,,,,,,,,,,,,,,,
Doublade,,,,,,,,,,,,,,,,,,
Aegislash (Shield Forme),,,,,,,,,,,,,,,,,,
Aegislash (Blade Forme),,,,,,,,,,,,,,,,,,
Spritzee,,,,,,,,,,,,,,,,,,
Aromatisse,,,,,,,,,,,,,,,,,,
Swirlix,,,,,,,,,,,,,,,,,,
Slurpuff,,,,,,,,,,,,,,,,,,
Inkay,,,,,,,,,,,,,,,,,,
Malamar,,,,,,,,,,,,,,,,,,
Binacle,,,,,,,,,,,,,,,,,,
Barbaracle,,,,,,,,,,,,,,,,,,
Skrelp,,,,,,,,,,,,,,,,,,
Dragalge,,,,,,,,,,,,,,,,,,
Clauncher,,,,,,,,,,,,,,,,,,
Clawitzer,,,,,,,,,,,,,,,,,,
Helioptile,,,,,,,,,,,,,,,,,,
Heliolisk,,,,,,,,,,,,,,,,,,
Tyrunt,,,,,,,,,,,,,,,,,,
Tyrantrum,,,,,,,,,,,,,,,,,,
Amaura,,,,,,,,,,,,,,,,,,
Aurorus,,,,,,,,,,,,,,,,,,
Sylveon,,,,,,,,,,,,,,,,,,
Hawlucha,,,,,,,,,,,,,,,,,,
Dedenne,,,,,,,,,,,,,,,,,,
Carbink,,,,,,,,,,,,,,,,,,
Goomy,,,,,,,,,,,,,,,,,,
Sliggoo,,,,,,,,,,,,,,,,,,
Goodra,,,,,,,,,,,,,,,,,,
Klefki,,,,,,,,,,,,,,,,,,
Phantump,,,,,,,,,,,,,,,,,,
Trevenant,,,,,,,,,,,,,,,,,,
Pumpkaboo (Average Size),,,,,,,,,,,,,,,,,,
Pumpkaboo (Small Size),,,,,,,,,,,,,,,,,,
Pumpkaboo (Large Size),,,,,,,,,,,,,,,,,,
Pumpkaboo (Super Size),,,,,,,,,,,,,,,,,,
Gourgeist (Average Size),,,,,,,,,,,,,,,,,,
Gourgeist (Small Size),,,,,,,,,,,,,,,,,,
Gourgeist (Large Size),,,,,,,,,,,,,,,,,,
Gourgeist (Super Size),,,,,,,,,,,,,,,,,,
Bergmite,,,,,,,,,,,,,,,,,,
Avalugg,,,,,,,,,,,,,,,,,,
Noibat,,,,,,,,,,,,,,,,,,
Noivern,,,,,,,,,,,,,,,,,,
Xerneas,,,,,,,,,,,,,,,,,,
Yveltal,,,,,,,,,,,,,,,,,,
Zygarde (50% Forme),,,,,,,,,,,,,,,,,,
Zygarde (10% Forme),,,,,,,,,,,,,,,,,,
Zygarde (Complete Forme),,,,,,,,,,,,,,,,,,
Diancie,,,,,,,,,,,,,,,,,,
Diancie (Mega Diancie),,,,,,,,,,,,,,,,,,
Hoopa,,,,,,,,,,,,,,,,,,
Hoopa (Hoopa Unbound),,,,,,,,,,,,,,,,,,
Volcanion,,,,,,,,,,,,,,,,,,
Rowlet,,,,,,,,,,,,,,,,,,
Dartrix,,,,,,,,,,,,,,,,,,
Decidueye,,,,,,,,,,,,,,,,,,
Litten,,,,,,,,,,,,,,,,,,
Torracat,,,,,,,,,,,,,,,,,,
Incineroar,,,,,,,,,,,,,,,,,,
Popplio,,,,,,,,,,,,,,,,,,
Brionne,,,,,,,,,,,,,,,,,,
Primarina,,,,,,,,,,,,,,,,,,
Pikipek,,,,,,,,,,,,,,,,,,
Trumbeak,,,,,,,,,,,,,,,,,,
Toucannon,,,,,,,,,,,,,,,,,,
Yungoos,,,,,,,,,,,,,,,,,,
Gumshoos,,,,,,,,,,,,,,,,,,
Grubbin,,,,,,,,,,,,,,,,,,
Charjabug,,,,,,,,,,,,,,,,,,
Vikavolt,,,,,,,,,,,,,,,,,,
Crabrawler,,,,,,,,,,,,,,,,,,
Crabominable,,,,,,,,,,,,,,,,,,
Oricorio(Ballie Style),,,,,,,,,,,,,,,,,,
Oricorio(Pa'u Style),,,,,,,,,,,,,,,,,,
Oricorio(Pom-Pom Style),,,,,,,,,,,,,,,,,,
Oricorio(Sensu Style),,,,,,,,,,,,,,,,,,
Cutiefly,,,,,,,,,,,,,,,,,,
Ribombee,,,,,,,,,,,,,,,,,,
Rockruff,,,,,,,,,,,,,,,,,,
Lycanroc (Midday Form),,,,,,,,,,,,,,,,,,
Lycanroc (Midnight Form),,,,,,,,,,,,,,,,,,
Wishiwashi (Solo Form),,,,,,,,,,,,,,,,,,
Wishiwashi (School Form),,,,,,,,,,,,,,,,,,
Mareanie,,,,,,,,,,,,,,,,,,
Toxapex,,,,,,,,,,,,,,,,,,
Mudbray,,,,,,,,,,,,,,,,,,
Mudsdale,,,,,,,,,,,,,,,,,,
Dewpider,,,,,,,,,,,,,,,,,,
Araquanid,,,,,,,,,,,,,,,,,,
Fomantis,,,,,,,,,,,,,,,,,,
Lurantis,,,,,,,,,,,,,,,,,,
Morelull,,,,,,,,,,,,,,,,,,
Shiinotic,,,,,,,,,,,,,,,,,,
Salandit,,,,,,,,,,,,,,,,,,
Salazzle,,,,,,,,,,,,,,,,,,
Stufful,,,,,,,,,,,,,,,,,,
Bewear,,,,,,,,,,,,,,,,,,
Bounsweet,,,,,,,,,,,,,,,,,,
Steenee,,,,,,,,,,,,,,,,,,
Tsareena,,,,,,,,,,,,,,,,,,
Comfey,,,,,,,,,,,,,,,,,,
Oranguru,,,,,,,,,,,,,,,,,,
Passimian,,,,,,,,,,,,,,,,,,
Wimpod,,,,,,,,,,,,,,,,,,
Golisopod,,,,,,,,,,,,,,,,,,
Sandygast,,,,,,,,,,,,,,,,,,
Palossand,,,,,,,,,,,,,,,,,,
Pyukumuku,,,,,,,,,,,,,,,,,,
Type: Null,,,,,,,,,,,,,,,,,,
Silvally,,,,,,,,,,,,,,,,,,
Minior (Meteor Form),,,,,,,,,,,,,,,,,,
Minior (Red Core),,,,,,,,,,,,,,,,,,
Minior (Orange Core),,,,,,,,,,,,,,,,,,
Minior (Yellow Core),,,,,,,,,,,,,,,,,,
Minior (Green Core),,,,,,,,,,,,,,,,,,
Minior (Blue Core),,,,,,,,,,,,,,,,,,
Minior (Indigo Core),,,,,,,,,,,,,,,,,,
Minior (Violet Core),,,,,,,,,,,,,,,,,,
Komala,,,,,,,,,,,,,,,,,,
Turtonator,,,,,,,,,,,,,,,,,,
Togedemaru,,,,,,,,,,,,,,,,,,
Mimikyu,,,,,,,,,,,,,,,,,,
Bruxish,,,,,,,,,,,,,,,,,,
Drampa,,,,,,,,,,,,,,,,,,
Dhelmise,,,,,,,,,,,,,,,,,,
Jangmo-o,,,,,,,,,,,,,,,,,,
Hakamo-o,,,,,,,,,,,,,,,,,,
Kommo-o,,,,,,,,,,,,,,,,,,
Tapu Koko,,,,,,,,,,,,,,,,,,
Tapu Lele,,,,,,,,,,,,,,,,,,
Tapu Bulu,,,,,,,,,,,,,,,,,,
Tapu Fini,,,,,,,,,,,,,,,,,,
Cosmog,,,,,,,,,,,,,,,,,,
Cosmoem,,,,,,,,,,,,,,,,,,
Solgaleo,,,,,,,,,,,,,,,,,,
Lunala,,,,,,,,,,,,,,,,,,
Nihilego,,,,,,,,,,,,,,,,,,
Buzzwole,,,,,,,,,,,,,,,,,,
Pheromosa,,,,,,,,,,,,,,,,,,
Xurkitree,,,,,,,,,,,,,,,,,,
Celesteela,,,,,,,,,,,,,,,,,,
Kartana,,,,,,,,,,,,,,,,,,
Guzzlord,,,,,,,,,,,,,,,,,,
Necrozma,,,,,,,,,,,,,,,,,,
Magearna,,,,,,,,,,,,,,,,,,
Marshadow,,,,,,,,,,,,,,,,,,
